åœ†æ¡Œå,æµè§ˆæ¬¡æ•°,é“¾æ¥
æ”¶é›† | ç»å…¸æ–‡å­¦åå¥,109156000,www.zhihu.com/roundtable/shoujijingdianwen
æˆä¸ºã€Œå§å§ã€çš„ç¾ä¸€æ­¥,221015823,www.zhihu.com/roundtable/beauty30
ã€Œå¼¯é“è¶…è½¦ã€æš‘å‡é€†è¢­æ”»ç•¥,3968816,www.zhihu.com/roundtable/wandaochaoche
åœ°å›¾æ§ | ä¸–ç•Œåœ°å›¾ç ”ç©¶é™¢,318869260,www.zhihu.com/roundtable/womendoushiditukong
ç»“å©šä¹Ÿèƒ½æ•°å­—åŒ–ï¼Ÿ,68422659,www.zhihu.com/roundtable/jiehunyenengshuzihua
ç°ä»£è§†è§‰æ–‡åŒ–ç ”ç©¶è®¡åˆ’,35043571,www.zhihu.com/roundtable/jingdiandongmanyanji
å‡è‚¥é¥®é£ŸæŒ‡å—,260063225,www.zhihu.com/roundtable/jianfeiyinshizhinan
è€ƒç ”äººçš„ç–‘éš¾æ‚ç—‡è¯Šæ‰€,6983411,www.zhihu.com/roundtable/kaoyanrendeyinanzazh
ä¸“ä¸šåšç‰©é¦†,48462790,www.zhihu.com/roundtable/zhuanyebowuguan
å­¦ç”Ÿä¼šçš„è¿›é˜¶æŒ‡å—,51862077,www.zhihu.com/roundtable/xueshenghuidejinjiez
æ‰“å¡æŒ‘æˆ˜ | è¿åŠ¨è¾¾äººå…»æˆè®¡åˆ’,75034382,www.zhihu.com/roundtable/exercise14days
æˆ‘æœ‰ä¸€ä¸ªæœ‹å‹,346781195,www.zhihu.com/roundtable/zhenshigushilu
ç«æ˜Ÿæ¢æµ‹ï¼Œå‡†å¤‡å¥½äº†ï¼,15014624,www.zhihu.com/roundtable/huoxingtance
æ¼«æ¸¸ç§‘æŠ€å®‡å®™,28411295,www.zhihu.com/roundtable/atduniverse
å¿—æ„¿ç„¦è™‘|è½»æ¾å¡«å¿—æ„¿,166637152,www.zhihu.com/roundtable/qingsongtianzhiyuan
è™è ä¾ ï½œé»‘æš—éª‘å£«ä¸‰éƒ¨æ›²,96557173,www.zhihu.com/roundtable/bianfuxiaguilai
æš‘æœŸå‡è‚¥ç˜¦èº«è®¡åˆ’,226227337,www.zhihu.com/roundtable/shuqijianfeishoushen
ç¼–ç¨‹ç ”ä¹ æ‰€,281017512,www.zhihu.com/roundtable/bianchengyanxisuo
ä½ çš„é¦™æ°”ï¼Œä½ çš„è®°å¿†,271146064,www.zhihu.com/roundtable/nidexiangqi
å¤´åƒæ§ || å¤´åƒæ”¶é›†,107703130,www.zhihu.com/roundtable/touxiangkong
DIYæ—¶å…‰å±‹,1589523,www.zhihu.com/roundtable/diyshiguangwu
äº¤æ˜“ç†å¿µä¸å®è·µ,389842073,www.zhihu.com/roundtable/jiaoyilinianyushijia
AI å®¶å›­çš„æ— é™å¯èƒ½,4531025,www.zhihu.com/roundtable/aijiayuandewuxianken
ã€Œ A è‚¡ç‰›å¸‚ã€æ˜¯å¦å·²ç»åˆ°æ¥ï¼Ÿ,134783797,www.zhihu.com/roundtable/aguniushi
ç‚’è‚¡é‚£äº›çŸ¥è¯†,9173481,www.zhihu.com/roundtable/chidaobao
é“åˆé‡‘å‹é“¸æˆæœ¬,34845,www.zhihu.com/roundtable/lvhejinyazhuchengben
é›¶åŸºç¡€å…¥é—¨|éŸ©è¯­å­¦ä¹ ,1985793,www.zhihu.com/roundtable/lingjichurumenhanyu
å…³äºé«˜è€ƒåçš„é‚£äº›äº‹,61447549,www.zhihu.com/roundtable/gaokaojieshu
äº¤æ˜“å‘˜çš„å‡ºè·¯åœ¨å“ªé‡Œï¼Ÿ,152066304,www.zhihu.com/roundtable/jiaoyiyuandechuluzai
æ—…è¡Œä¸¨æ”¶é›†äººé—´çš„å¥½é£æ™¯,120062513,www.zhihu.com/roundtable/lvxinggunshoujirenji
å…³äºå°å­¦åˆä¸­æ ¡å›­é‚£äº›äº‹,1636146,www.zhihu.com/roundtable/guanyujiaoyuneixiesh
å…±åŒæ”¶é›†|é‡‘å¥æ–‡æ¡ˆ,436171370,www.zhihu.com/roundtable/gongtongshoujijinju
ä½“è‚²å† å†›ä»¬çš„æ•…äº‹,303866065,www.zhihu.com/roundtable/tiyuguanjunmendegushi
é«˜è€ƒå›å¿†å½•,539220534,www.zhihu.com/roundtable/gkhy
åŒå¿ƒåŒè¡Œï¼Œæˆ‘ä»¬åœ¨ä¸€èµ·,24962752,www.zhihu.com/roundtable/tongxintongxing
åšæœä¿é²œçš„é‚£äº›äº‹å„¿,1022774,www.zhihu.com/roundtable/jianguobaoxiandeneix
çŸ¥ä¹ X ä¸­æ–‡åœ¨çº¿å¾æ–‡æ´»åŠ¨,595228,www.zhihu.com/roundtable/zhihuxzhongwenzaixian
2020è£…ä¿®ä»€ä¹ˆå€¼å¾—ä¹°,155548392,www.zhihu.com/roundtable/2020zhuangxiushenmez
æ‰“å¡æŒ‘æˆ˜ | å¤æ—¥æ¸…å‡‰è‰²,60941783,www.zhihu.com/roundtable/14mark
å®¤å†…è®¾è®¡é‚£äº›äº‹å„¿,205149625,www.zhihu.com/roundtable/ruguowoyouyitaofangz
æˆ‘ä»¬éƒ½æ˜¯è„‘æ´è¾¾äºº,224887643,www.zhihu.com/roundtable/womendoushinaodongda
æ•™ä½ å¦‚ä½•ç ´è§£äº¤æ˜“è¯¯åŒº,250538156,www.zhihu.com/roundtable/jiaoniruhepojiejiaoy
æ¶¨çŸ¥ã€Œè§†ã€äº†ï¼,352937868,www.zhihu.com/roundtable/knowledge
çˆ¸çˆ¸è¯·å›ç­”,1550312,www.zhihu.com/roundtable/fathereers
æ–°ä¼ è€ƒç ”ä¸Šå²¸æŒ‡å—,5055025,www.zhihu.com/roundtable/xinchuankaoyanshanga
ä¸­æ–‡ç³»é¢é¢è§‚,135955308,www.zhihu.com/roundtable/zhongwenximianmiangu
é«˜ä¸­å­¦ä¹ æ–¹æ³•,43240477,www.zhihu.com/roundtable/gaozhongxuexifangfa
å¦‚ä½•ä»é›¶å¼€å§‹æˆä¸ºæ¼«ç”»å®¶ï¼Ÿ,12563122,www.zhihu.com/roundtable/manhuajia
å¥èº«å¢è‚Œæœ‰å“ªäº›å‘ï¼Ÿ,145786023,www.zhihu.com/roundtable/jianshenzengjiyounei
è‡ªåŠ¨é©¾é©¶å¤§æ—¶ä»£,9783459,www.zhihu.com/roundtable/autonomoustime
æˆä¸ºçˆ¸çˆ¸çš„é‚£ä¸€å¤©,38799697,www.zhihu.com/roundtable/chengweibaba
ç¬¬äºŒå­¦å£«å­¦ä½|æœºé‡ & æŒ‘æˆ˜,16483291,www.zhihu.com/roundtable/dierxueshixuewei
0 åŸºç¡€å­¦éŸ©è¯­,5199365,www.zhihu.com/roundtable/xuehanyu
è‚²å„¿ã€Œé»‘ç§‘æŠ€ã€æ¸…å•,19368171,www.zhihu.com/roundtable/yuerheikeji
å’Œå¹³ç²¾è‹±æ–°æµ·å²›,25212713,www.zhihu.com/roundtable/hepingjingying2020
ä¸HRçš„ã€Œé¢è¯•ã€â€œæˆ˜â€œâ€è®®â€,48573711,www.zhihu.com/roundtable/ruhemianshi
æ³•è€ƒå»¶æœŸï¼Œâ€œåŒè¯â€æ¥äº†ï¼Ÿ,170530,www.zhihu.com/roundtable/fakaoyanqishuangzh
å…³äºæ—¥è¯­ç•™å­¦,9435555,www.zhihu.com/roundtable/guanyuriyuliuxue
é‡å¯è¶³çƒ | å† å†›èƒŒå,350084323,www.zhihu.com/roundtable/chongqizuqiu
ä¸­å›½æœ¬åœŸå’¨è¯¢è¡Œä¸šçš„æœªæ¥,4877879,www.zhihu.com/roundtable/zhongguobentuzixunha
åˆæ˜¯ä¸€å¹´ç ”æ‹›å­£,135076697,www.zhihu.com/roundtable/yanzhaoji
ç›´æ’­è¥é”€æŒ‡å—,2061638,www.zhihu.com/roundtable/zhiboyingxiaozhinan
æå®šè€ƒè¯• | å­¦ä¹ è¿›é˜¶æŒ‡å—,287033705,www.zhihu.com/roundtable/xuexijinjiezhinan
å½“ä»£é’å¹´ç”Ÿå­˜å½•,136199066,www.zhihu.com/roundtable/fighting
èŒ¶ä¸å’–å•¡çš„ç¢°æ’,16967314,www.zhihu.com/roundtable/chayukafeidepengzhua
å±å¹•æ—¶ä»£ï¼Œè¦ã€Œé™å±ã€å—ï¼Ÿ,79401460,www.zhihu.com/roundtable/pingmushidai
ä¸€èµ·æ”¶é›†ä¸¨æ–‡æ¡ˆå¥ç»¼,435408037,www.zhihu.com/roundtable/yiqishoujigunwenanju
æŠ¤è‚¤æˆåˆ†ç ”ä¹ ç­,67119240,www.zhihu.com/roundtable/hufuchengfenyanxiban
äººç”Ÿé—®é¢˜ç ”ç©¶æ‰€,1545298525,www.zhihu.com/roundtable/renshengwentiyanjius
åæµªå¤‡å©šé€šå…³æŒ‡å—,580767310,www.zhihu.com/roundtable/houlangbeihuntonggua
CVPR 2020 çƒ­ç‚¹è§£è¯»,2292874,www.zhihu.com/roundtable/cvpr2020
é«˜ä¸­å­¦ä¹ æ–¹æ³•ä¸è§£é¢˜æ€ç»´,44941630,www.zhihu.com/roundtable/gaozhongxuexifangfay
2020 LPL å¤å­£èµ›å¯å¹•,29000130,www.zhihu.com/roundtable/2020lplxiajisai
VRæ—¶ä»£æ¥ä¸´äº†å—ï¼Ÿ,2271508,www.zhihu.com/roundtable/vrshidailailinlema
2020 é«˜è€ƒé¢˜é¢„æµ‹,53620258,www.zhihu.com/roundtable/gktyc
åœ°æ‘Šç»æµå­¦,71198276,www.zhihu.com/roundtable/ditanjingjixue
éŸ©è¯­å­¦ä¹ |è‡ªå­¦éŸ©è¯­,5579678,www.zhihu.com/roundtable/hanyuxuexi
å››å…­çº§è‡ªå¤‡è€ƒé‚£äº›äº‹,53992374,www.zhihu.com/roundtable/siliujizibeikaoneixi
ä¸ºä»€ä¹ˆæˆ‘ä»¬éƒ½çˆ±è§£æ„åè‘—,379286875,www.zhihu.com/roundtable/weishenmewomenaijieg
é‚£äº›å¹´ä½ æœªè¯´å‡ºæ¥çš„æƒ…çˆ±,236956976,www.zhihu.com/roundtable/neixienianniweishuoc
30 å¤©ã€Œä¸æ–­ç‰‡ã€æŒ‘æˆ˜,634498438,www.zhihu.com/roundtable/30challenge
Offer å­£ | äº‘å›´è§‚ç•™å­¦ ,30179042,www.zhihu.com/roundtable/offerjiyunweiguan
ç½‘ç»œæ–‡å­¦è¿›è¡Œæ—¶,423742400,www.zhihu.com/roundtable/wangluowenxuejinxingshi
é«˜æ•ˆå­¦ä¹  | å¦‚ä½•ç²¾è¿›ï¼Ÿ,503852120,www.zhihu.com/roundtable/xuexifangfahesiweine
ä½ ä¸æ£‹ç‰Œçš„æ•…äº‹,69442025,www.zhihu.com/roundtable/niyuqipaidegushi
ç–«æƒ…ä¹‹ä¸‹çš„é€€ä¼‘äººç”Ÿ,49402889,www.zhihu.com/roundtable/yiqingzhixiadetuixiu
èšç„¦å»ºç­‘,112566032,www.zhihu.com/roundtable/jujiaojianzhu
èŠç”µå½± | ç”µå½±ç ”ç©¶å±€,1052563389,www.zhihu.com/roundtable/liaodianying
åœŸæœ¨å·¥ç¨‹ï¼Œè·¯åœ¨ä½•æ–¹,16871746,www.zhihu.com/roundtable/tumugongcheng
é‚£äº›å¹´ï¼Œåšè¿‡çš„ç§‘ç ”,60386638,www.zhihu.com/roundtable/neixienianzuokeyan
è¯—é…’è¶å¹´å,709697,www.zhihu.com/roundtable/shijiuchennianhua
é«˜ä¸­å­¦ä¹ é‚£ç‚¹äº‹,4189561,www.zhihu.com/roundtable/gaozhongxuexinadians
è¯»ç ”è¯»åšï¼Œè¯´è¯´å¯¼å¸ˆå¦‚ä½•é€‰,6806261,www.zhihu.com/roundtable/duyandubo
å­¦ä¹ ä¸è‡ªçœ | ä¸€æœ¬å¥½ä¹¦,52143662,www.zhihu.com/roundtable/xuexiyuzixing
ç½‘åª’æš–æ´¥Â·ä¸­å°ä¼ä¸šè¿‡ã€Œç–«ã€å…³,3602759,www.zhihu.com/roundtable/tianjinsme
ç¼–ç¨‹è¯­è¨€é‚£äº›äº‹å„¿,247592062,www.zhihu.com/roundtable/bianchengyuyanneixie
å¥‡æ€ªçš„å­¦ä¹ æ–¹æ³•,22074699,www.zhihu.com/roundtable/qiguaidexuexifangfa
ç–«æƒ…ä¹‹ä¸‹åœ¨å®¶å°±èƒ½åˆ›ä¸š,74876476,www.zhihu.com/roundtable/yiqingzhixiazaijiaji
æ°‘æ³•å…¸æ¥äº†,22016552,www.zhihu.com/roundtable/jujiaominfadian
åˆ›æ–°äº‰å…ˆï¼Œæœ‰ä½ æœ‰æˆ‘,209915254,www.zhihu.com/roundtable/chuangxinzhengxian
å…»ä¸ªå­©å­æœ‰å¤šéš¾,5345560,www.zhihu.com/roundtable/yanggehaiziyouduonan
å»å“ªåº§åŸå¸‚ï¼Œæ›´æœ‰æœªæ¥ï¼Ÿ,249664922,www.zhihu.com/roundtable/qunazuochengshigeng
35 å²è¿™é“å,86830203,www.zhihu.com/roundtable/35suizhedaokan
æˆ‘å’Œä»£ç æœ‰ä¸ªçº¦ä¼š,686836619,www.zhihu.com/roundtable/wohedaimayougeyuehui
æˆ‘ä»¬è¿™ä¸€ä»£çš„æ–‡å­¦,488615642,www.zhihu.com/roundtable/dangdairenyanzhongdi
å†²åˆº 618 åŠ è´­æ¸…å•,438032376,www.zhihu.com/roundtable/2020618
é¢†ç•¥ç§‘å¹»ä¹‹ç¾,76771119,www.zhihu.com/roundtable/linglvekehuanzhimei
å¦‚ä½•å­¦å¥½æ•°æ®ç»“æ„ä¸ç®—æ³•,8107830,www.zhihu.com/roundtable/ruhexuehaoshujujiego
é˜²ç–«å¸¸æ€åŒ– ç»æµå†è¿¸å‘,34107927,www.zhihu.com/roundtable/zhihucaijing
ç”µå­ç«æŠ€çš„æœªæ¥ä¼šæ€ä¹ˆæ ·ï¼Ÿ,66663194,www.zhihu.com/roundtable/dianzijingjideweilai
æœªæ¥ç§‘å­¦ åæµªå†èµ·,78844085,www.zhihu.com/roundtable/futurescience
ç•™å­¦ç”³è¯·DIY,14430522,www.zhihu.com/roundtable/liuxueshenqingdiy
åŒ—äº¬é‚£äº›äº‹å„¿,856952253,www.zhihu.com/roundtable/beijingneixieshier
å‡è„‚æœŸé¥®é£Ÿä½ æ˜¯æ€ä¹ˆåƒçš„ï¼Ÿ,98876488,www.zhihu.com/roundtable/jianzhiqiyinshinishi
ç¾å›½å•†ç§‘ç¡•å£«ç•™å­¦,7062701,www.zhihu.com/roundtable/meiguoshangkeshuoshi
ç¾å›½å•†ä¸šåˆ†æç¡•å£«ç”³è¯·,1065380,www.zhihu.com/roundtable/meiguoshangyefenxish
å†³èƒœè„±è´«ä¸­å›½æœ‰å¤šæ‹¼,15410007,www.zhihu.com/roundtable/tuopin
é›†åˆå•¦ï¼åŠ¨ç‰©æ£®å‹ä¼š,25376902,www.zhihu.com/roundtable/dongwusenyouhui
ã€Œå–‚ã€çˆ±å‘å£°,14060960,www.zhihu.com/roundtable/weiaifasheng
ç§‘æŠ€å‘åçœ‹åå¹´,34455122,www.zhihu.com/roundtable/techdecade
ç™¾å‘³äººç”Ÿï¼Œé¦™æ°”ç”Ÿæ´»,517484,www.zhihu.com/roundtable/baiweirenshengxiangqishenghuo
å…³äºæ–œæ é’å¹´,152140008,www.zhihu.com/roundtable/guanyuxiegangqingnia
æ–‡åŒ–ä¸‡è±¡ï¼Œã€Œåšã€è§ˆå¤©æ´¥,7196133,www.zhihu.com/roundtable/tianjinmuseum
ä½ çš„å­¦ä¸šç”Ÿæ¶¯ä¸¨ä»Šæ—¥ç”Ÿæ´»,187881329,www.zhihu.com/roundtable/xueyeshengya
æ³•å­¦çš„æ•™è‚²è¿›é˜¶ä¹‹è·¯,9041264,www.zhihu.com/roundtable/faxuedejiaoyujinjiez
ç§‘æŠ€é©±åŠ¨çš„ä¾›åº”é“¾é‡‘è,1408865,www.zhihu.com/roundtable/kejiqudongdegongying
A è‚¡åå¹´ï¼Œè‚¡ç¥¨æŠ•èµ„é‚£äº›äº‹,68673815,www.zhihu.com/roundtable/agushiniangupiaotou
å½“ä¸­å¹´å±æœºé‡ä¸Šç–«æƒ…,250129636,www.zhihu.com/roundtable/dangzhongnianweijiyu
å¼€æ‹å§ï¼æˆ‘çš„æ ¡å›­å‰§ğŸ¬,513116680,www.zhihu.com/roundtable/momentsofyouth
å®«å¢™å¾€äº‹,231696720,www.zhihu.com/roundtable/hougongpinfeiruhechu
å¦‚ä½•ç ´è§£ä¸­å°ä¼ä¸šèèµ„éš¾,322367,www.zhihu.com/roundtable/ruhepojiezhongxiaoqi
ç–«æƒ…è¿‡åï¼Œæˆ‘ä»¬ç»“å©šå§,699052340,www.zhihu.com/roundtable/yiqingguohouwomenji
ç«å½±æ–‡åŒ–å¤å…´,29570659,www.zhihu.com/roundtable/huoyingrenzhe
æ¯”èµ·å¤±è´¥ï¼Œæ›´å¯æ€•çš„æ˜¯é—æ†¾,19271748,www.zhihu.com/roundtable/yihan
çŸ¥æ‹›èŒåœº | èŠèŠå·¥èµ„,135245194,www.zhihu.com/roundtable/salary
å¦‚ä½•å»ºç«‹ä¸€ä¸ªäº¤æ˜“ç³»ç»Ÿ,266243410,www.zhihu.com/roundtable/ruhejianliyigejiaoyi
2020 äººåŠ›èµ„æºæ‹›è˜åˆ›æ–°ç ´å±€,414687993,www.zhihu.com/roundtable/2020renliziyuanzhaop
å…³äºæ—¶é—´ç®¡ç†,946946314,www.zhihu.com/roundtable/guanyushijianguanli
æˆ‘ä»¬æ˜¯ Offer æ”¶å‰²æœº,292057894,www.zhihu.com/roundtable/yunxiaozhao
é«˜æ•ˆåˆ· LeetCode æ‹¿ Offerï¼,226689934,www.zhihu.com/roundtable/gaoxiaoshualeetcoden
é€Ÿåº¦ä¸æ¿€æƒ…ï¼šèµ°è¿‘å°ä¼—è¿åŠ¨,451218075,www.zhihu.com/roundtable/suduyujiqing
è¯—è¯é‚£äº›äº‹å„¿,168417742,www.zhihu.com/roundtable/shicineixieshier
è€ƒç ”å¤è¯•æŒ‡å—,37379974,www.zhihu.com/roundtable/kaoyanfushizhinan
æ¯äº²èŠ‚ä¸¨å¦ˆå¦ˆçš„æ„¿æœ›æ˜¯ä»€ä¹ˆï¼Ÿ,336539008,www.zhihu.com/roundtable/mum2020
å…³äºæ—¥è¯­é«˜è€ƒ,1683081,www.zhihu.com/roundtable/guanyuriyugaokao
æ¯•ä¸šå­£ | æˆ‘ä»¬å°†ä½•å»ä½•ä»,485395158,www.zhihu.com/roundtable/biyeji
ä»™å‰‘å®¢æ ˆ,385521159,www.zhihu.com/roundtable/xianjiankezhan
é‡‘èè€ƒç ”å¤§ä½œæˆ˜,1225097,www.zhihu.com/roundtable/jinrongkaoyandazuozh
å¥¹çš„ã€Œç¾ã€ä¸€é¢,129567969,www.zhihu.com/roundtable/tademeiyimian
åˆä¸ºäººæ¯ï¼Œè¯·å¤šæŒ‡æ•™,331415481,www.zhihu.com/roundtable/chuweirenmu
åœ¨å®¶çœ‹ç”µå½±,478541535,www.zhihu.com/roundtable/aishangdianying
å¦‚ä½•ä» 0 åˆ°è½¯ä»¶æµ‹è¯•å¤§ç¥,1588769,www.zhihu.com/roundtable/ruhecong0daoruanjian
æœ‰è¯· Z ä¸–ä»£,1505952429,www.zhihu.com/roundtable/zshidai
ç½‘ç»œå°è¯´ï¼Œä½ æ€ä¹ˆçœ‹ï¼Ÿ,618718684,www.zhihu.com/roundtable/wangluoxiaoshuo
åœ¨å®¶é‡Œä½ æ˜¯æ€ä¹ˆå‡è„‚çš„ï¼Ÿ,192991977,www.zhihu.com/roundtable/zaijiajianzhi
çƒ­é—¨ä¸“ä¸šå·¡å±•,69649920,www.zhihu.com/roundtable/popularmajor
è§£æ•‘è¿‡æ•æ˜Ÿäºº | å°è“æ˜Ÿ,510675435,www.zhihu.com/roundtable/mingan2020
æ—¥æœ¬å»ºç­‘æ™¯è§‚å®¤å†…ç•™å­¦,128946,www.zhihu.com/roundtable/ribenjianzhujingguan
æ‰‘æœ”è¿·ç¦»çš„æ³¨å†Œæ¶ˆé˜²å·¥ç¨‹å¸ˆ,294559,www.zhihu.com/roundtable/pushuomilidezhucexia
åœ¨è¿™é‡Œï¼Œè¯»æ‡‚åŸå¸‚,3652044,www.zhihu.com/roundtable/bookstore
è¿›å¤§å‚åšäº§å“/è®¾è®¡ï¼Œä¸éš¾,10906457,www.zhihu.com/roundtable/jindachangzuochanpin
æ˜Ÿè¾°å¤§æµ· 50 å¹´,11391724,www.zhihu.com/roundtable/xingchendahai
ä¸ªäººæ‰€å¾—ç¨æ±‡ç®—æ¸…ç¼´,1026347,www.zhihu.com/roundtable/gerensuodeshuihuisua
å¼€å­¦ç¬¬ä¸€å ‚æ€§æ•™è‚²è¯¾,364119145,www.zhihu.com/roundtable/xingjiaoyu
å¤ä»£ç¾é£ŸæŒ‡å—,147835190,www.zhihu.com/roundtable/gudaimeishizhinan
ç–«æƒ…ä¹‹ä¸‹ï¼Œä½ çš„ç•™å­¦è¿˜å¥½å—,18915304,www.zhihu.com/roundtable/yiqingliuxue
è§£æå…¬ç‰›ç‹æœ,100769338,www.zhihu.com/roundtable/jiexigongniuwangchao
2020 LPL æ˜¥å­£æ€»å†³èµ›,59656483,www.zhihu.com/roundtable/2020lplchunjue
ç»å…¸å½±è§†å‰§æ¨è,237063206,www.zhihu.com/roundtable/jingdianyingshijutuijian
ä½“è‚²å¼ºå›½ï¼Œä½“è‚²ç”Ÿçš„å¥‹æ–—å²,32910431,www.zhihu.com/roundtable/tiyuqiangguotiyusheng
è„‘æ´é—®é¢˜ç ”ç©¶æ‰€,2555605586,www.zhihu.com/roundtable/naodongwentiyanjiusu
ç¯ä¿æœ‰ç­”æ¡ˆ,11492595,www.zhihu.com/roundtable/puma
æ–°æ‰‹è‚¡æ°‘çš„æŠ•èµ„å¿…ä¿®è¯¾,22513864,www.zhihu.com/roundtable/xinshougumindetouzib
å¦‚ä½•å­¦ä¹ å½±è§†åæœŸ,5831635,www.zhihu.com/roundtable/yingshihouqi
è€ƒç ”è‹±è¯­çœŸé¢˜åˆ·é¢˜å°ç»„,82626235,www.zhihu.com/roundtable/kaoyanyingyuzhentish
ä¸“å‡æœ¬ä½ å‡†å¤‡çš„æ€ä¹ˆæ ·å•¦ï¼Ÿ,163207730,www.zhihu.com/roundtable/zhuanshengben
è‹±è¯­å­¦ä¹ ç»éªŒåˆ†äº«,70103559,www.zhihu.com/roundtable/yingyuxuexijingyan
æ•æ„Ÿè‚Œè‚¤é«˜å³°è®ºå›,5222878,www.zhihu.com/roundtable/sensitive
äººå·¥æ™ºèƒ½æ€ç»´æ–¹å¼,89687124,www.zhihu.com/roundtable/rengongzhinengsiwei
ã€Œä¸æ¨èã€ç”µå½±ç‰¹åˆŠ,202663269,www.zhihu.com/roundtable/btjfilm
é£å£ä¸Šçš„çŸ¥è¯†äº§æƒ,2047860,www.zhihu.com/roundtable/fengkoushangdezhichan
2020 ç•™å­¦ç”Ÿä»¬çœŸçš„å¤ªéš¾äº†ï¼,84063868,www.zhihu.com/roundtable/liuxuesheng
å­¦æ—¥è¯­è¿™äº›å¹´ã€é‚£äº›äº‹,31192674,www.zhihu.com/roundtable/xueriyu
çªå›´é«˜ä¸­ä½œæ–‡,90517727,www.zhihu.com/roundtable/gaozhongzuowen
è€ƒè¯ä¸æ¢¦æƒ³,8045425,www.zhihu.com/roundtable/kaozhengyumengxiang
é«˜ä¸­ç‰©ç†å­¦ä¹ æŠ€å·§,27492068,www.zhihu.com/roundtable/gaozhongwuli
èšç„¦ç§‘æŠ€æ–°åŸºå»º,42023455,www.zhihu.com/roundtable/kejixinjijian
äº”ä¸€æ¸¸ | å‘ç°åŸå¸‚ä¹‹ç¾,324347137,www.zhihu.com/roundtable/wuyiyou
æ—¥æœ¬èŒåœº,43274432,www.zhihu.com/roundtable/ribenzhichang
é‡‘åº¸çš„æ­¦ä¾ ä¸–ç•Œ,244441928,www.zhihu.com/roundtable/jinyongdewuxiashijie
ç˜¦èº«å­£ | ç‡ƒè„‚è®¡åˆ’,1191911396,www.zhihu.com/roundtable/fit2020
å®æˆ˜ç¯‡ | è¿·äººçš„æ•°æ®é©±åŠ¨,34158596,www.zhihu.com/roundtable/mirendeshujuqudongsh
ç–«æƒ…æœŸé—´æ¾³æ´²ç•™å­¦ç”Ÿäº¤æµåŒº,30632494,www.zhihu.com/roundtable/yiqingaozhouliuxue
å…³äºæ–‡å­¦çš„æ¢¦,1619158551,www.zhihu.com/roundtable/guanyuwenxuedemeng
åŸæ¥å¦‚æ­¤|æˆ‘ä»¬éƒ½çƒ­çˆ±æ¨ç†,367005238,www.zhihu.com/roundtable/womendoureaituili
å¬ï¼Œå¤§è‡ªç„¶åœ¨è¯´è¯,133930707,www.zhihu.com/roundtable/tingdaziranzaishuoh
æ‰“ç ´æ¬¡å…ƒå£ å¯»æ‰¾ç¥è¿˜åŸ,398667921,www.zhihu.com/roundtable/mofang2020
ç¯®çƒå¤§æ•°æ®,454327599,www.zhihu.com/roundtable/lanqiudashuju
æˆ‘ä»¬éƒ½æ˜¯ç”Ÿæ´»å®¶,116385675,www.zhihu.com/roundtable/womendoushishenghuo
ç¥è¯ä¼ è¯´ä¸å†å²,32269,www.zhihu.com/roundtable/shenhuachuanshuoyuli
åœ¨å®¶æç§‘ç ”,18272153,www.zhihu.com/roundtable/researchfromhome
åŒ»å­¦ç”Ÿè¿›é˜¶æŒ‡å—,129471131,www.zhihu.com/roundtable/yixueshengjinjiezhil
å¹´æŠ¥å­£ | æ­å¼€å…¬å¸è´¢æŠ¥é‡Œçš„ç§˜å¯†,106882470,www.zhihu.com/roundtable/shangshigongsinianba
ä¸€ç›æ¸…èŒ¶å“è¯—è¯,122112209,www.zhihu.com/roundtable/yizhanqingchapinshic
æ³•å¾‹äººåæ§½å¤§ä¼š,138676278,www.zhihu.com/roundtable/falvrentucaogushihui
çˆ±é€›åšç‰©é¦† | æ¹–åŒ—çœåšç‰©é¦†,229523664,www.zhihu.com/roundtable/googleartsandculture
å¥‡æ€ªçš„è¡¨æƒ…åŒ…å¢åŠ äº†,131258631,www.zhihu.com/roundtable/strangeemoji
éƒ½å¸‚ä¼ è¯´ä¸¨æœªè§£ä¹‹è°œ,368450418,www.zhihu.com/roundtable/dushichuanshuogunwei
æ¥è‡ªæ˜Ÿæ˜Ÿçš„å­©å­,12272486,www.zhihu.com/roundtable/laizixingxingdehaizi
äº§å“ç»ç†æ–°æ ¼å±€,14176241,www.zhihu.com/roundtable/productmanager
å¥¥è¿ä¹‹ç«çš„é£é›¨é£˜æ‘‡è·¯,6742501,www.zhihu.com/roundtable/olympictorch
ã€Œæ”€å²©æ—¶ä»£ã€äººäººè‡ªå±,33476852,www.zhihu.com/roundtable/panyanshidairenrenzi
Galgame é€‰æ‹©æœ€å…¨ç›®å½•,9805906,www.zhihu.com/roundtable/galgamexuanzezuiquan
æ‰‹æœºç‹è€…ä»¬çš„æŒ‡å°–ç”Ÿæ´»,64363240,www.zhihu.com/roundtable/shoujiwangzhe
Lolitaæ–‡åŒ–ä¸–ç•Œ,8510987,www.zhihu.com/roundtable/lolitawenhuashijie
ä¸‹ä¸€ç«™ï¼Œåœ¨çº¿æ•™è‚²ï¼Ÿ,44832905,www.zhihu.com/roundtable/zaixianjiaoyu
è½¬å‹å­£ | ä¸€èµ·æ¥ç›´æ’­çŸ­è§†é¢‘,58633462,www.zhihu.com/roundtable/transitiononline
æŠ—ç–«çŸ¥è¯†åº“ | ä¸æ‡‚ä¸ç¡,530784860,www.zhihu.com/roundtable/yiqingsolve
ã€Œç”„å¬›å®‡å®™ã€å¼€å‘è®¡åˆ’,933770365,www.zhihu.com/roundtable/zhenhuan
å½±è§†äººçš„ç»åœ°æ±‚ç”Ÿ,17514171,www.zhihu.com/roundtable/filmpubg
å–µç”Ÿç®¡å®¶ | å–µæ˜Ÿäººè¯´æ˜ä¹¦,149821938,www.zhihu.com/roundtable/miaoxingren
å¦‚ä½•å­¦å…­è¥¿æ ¼ç›å’Œ Minitab,2301262,www.zhihu.com/roundtable/ruhexueliuxigemaheminitab
äº‘èµæ˜¥å…‰,372649922,www.zhihu.com/roundtable/hispring
ä»Šå¤©ä½ å­¦ä¹ äº†å—ï¼Ÿ,719733600,www.zhihu.com/roundtable/studywithus
æˆ‘ä»¬å‘ç°äº†å¥½åƒçš„,220032122,www.zhihu.com/roundtable/lingshi
æ¶ˆè´¹è€…è”ç›Ÿæ³•å¾‹æ‰‹å†Œ,117620476,www.zhihu.com/roundtable/xiaofeizhelianmengfa
äº‘å¼€å­¦ï½œå¿«ï¼Œæ”¾æˆ‘å»å­¦æ ¡,107373620,www.zhihu.com/roundtable/yunkaixue
äº‘ç«¯å­¦ä¹ å­£|çº¿ä¸Šæ•™è‚²è¿›è¡Œæ—¶,7071804,www.zhihu.com/roundtable/yunduanxuexiji
è‚¡å¸‚å·¨éœ‡ä¸‹ï¼Œå…¨çƒç»æµèµ°å‘ä½•æ–¹ï¼Ÿ,217715494,www.zhihu.com/roundtable/globalmarket
å‡å¦‚æˆ‘æ˜¯ä¸€åª AI,29920528,www.zhihu.com/roundtable/ifiamaai
æ˜¥æ‹›å…¨æŒ‡å¯¼,228253626,www.zhihu.com/roundtable/chunzhao
æˆ¿è´· LPR ä¸å›ºå®šåˆ©ç‡é€‰æ‹©,109455024,www.zhihu.com/roundtable/lpryugudingli
å¿ƒç†å­¦ 101,6939284,www.zhihu.com/roundtable/xinlixue101
é€ä½ ä¸€å‰¯å¿ƒç†å£ç½©,4801040,www.zhihu.com/roundtable/psymask
ã€Œå…ç–«ã€æ”»ç•¥ | å®ˆæŠ¤å“ç‰Œå¥åº·,52596175,www.zhihu.com/roundtable/mianyigonglve
ç»å…¸ç•ªå‰§è¡¥å®Œè®¡åˆ’,150764038,www.zhihu.com/roundtable/jingdianfanjubuwanji
å¥³æ€§æ‚¦å·±æŒ‡å—,329136231,www.zhihu.com/roundtable/yuejizhinan
ä¸€èµ·è¯»æ‡‚ã€Šå©šå§»æ³•ã€‹,65745891,www.zhihu.com/roundtable/yiqidudonghunyinfa
å¥½å’–å•¡åº”æ˜¯æ—¥å¸¸,18845694,www.zhihu.com/roundtable/haokafeiyingshirichang
ä¸‰å…«èŠ‚ä¸¨å¦‚ä½•æ´»æˆè‡ªå·±æƒ³è¦çš„æ ·å­,1232202549,www.zhihu.com/roundtable/women2020
å€ŸèŒ¶é™å¿ƒåº¦æ˜¥ç§‹â€”â€”ä¸­å›½èŒ¶,18190142,www.zhihu.com/roundtable/zhongguocha
å±±å·å¼‚åŸŸï¼Œå¥¥è¿åŒå¤©,78773399,www.zhihu.com/roundtable/olympic2020
ä¸ºä»€ä¹ˆè¦å­¦ä¼š ABC æˆæœ¬åˆ†æï¼Ÿ,103692134,www.zhihu.com/roundtable/abcchengbenfenxi
å¥½ä¹¦ä½•å¦¨çœ‹åé,21197986,www.zhihu.com/roundtable/haoshuhefangkanshibian
åŠ æ²¹ï¼å…ç–«åŠ›,44636209,www.zhihu.com/roundtable/jiayoumianyili
è‚²å„¿å…ã€Œç–«ã€å°è¯¾å ‚,38949160,www.zhihu.com/roundtable/mianyixiaoketang
ä¸­å›½ç”µç«é’å¹´å›¾é‰´ä¸¨æ–‡åŒ–ç¯‡,11320297,www.zhihu.com/roundtable/dianjingwenhuapian
ã€Šå°é©¬å®è‰ã€‹ä¸å‹è°Šé­”æ³•,2156767,www.zhihu.com/roundtable/xiaomabaoli
å®…å®¶ç”µå¤§èµ,88079363,www.zhihu.com/roundtable/electrical2020
å¤è¯•ç¿»ç›˜é”¦å›Š,204108446,www.zhihu.com/roundtable/kaoyanfushi2020
æ–°å† ç—…æ¯’å…¨çƒè¿½è¸ª,1053797506,www.zhihu.com/roundtable/quanqiubingdu
å…»è½¦ï¼Œä¸éš¾,11025129,www.zhihu.com/roundtable/yangche
è‚ºç‚ç¬¬äºŒæˆ˜ï¼Œä¼ä¸šå¦‚ä½•æ¸¡åŠ«ï¼Ÿ,52842679,www.zhihu.com/roundtable/fightforrevival
å‰ç«¯èŒä¸šæˆé•¿,2906356,www.zhihu.com/roundtable/binfenqianduan
åœ¨å®¶ä¹Ÿè¦å¥½å¥½ç”Ÿæ´»,380932170,www.zhihu.com/roundtable/zhai2020
å®…åœ¨å®¶çš„äº²å­æ—¶å…‰,19210947,www.zhihu.com/roundtable/qinzishiguang
ä»Šå¹´æƒ…äººèŠ‚è¯¥è¿™ä¹ˆè¿‡,926839679,www.zhihu.com/roundtable/valentinesday09
å¸¦ä½ çœ‹ä¸–ç•Œï½œæ¢è®¿å—æ,32006210,www.zhihu.com/roundtable/tanfangnanji
ç–«æƒ…åº”å¯¹æ³•å¾‹æŒ‡å—,193111614,www.zhihu.com/roundtable/yiqingyingduifalvzhi
åœ¨å®¶ä¸Šç­çš„ä¸€å¤©,28631463,www.zhihu.com/roundtable/telecommuting2020
å“ˆåˆ©æ³¢ç‰¹ä¸ç¥å¥‡åŠ¨ç‰©ç³»åˆ—,97293863,www.zhihu.com/roundtable/haliboteyushenqidong
è®¡ç®—æœºäºŒçº§æ€ä¹ˆå­¦,20420282,www.zhihu.com/roundtable/jisuanjierji
å¿™çˆ¸çˆ¸å’Œé—²çˆ¸çˆ¸,478740,www.zhihu.com/roundtable/mangbabahexianbaba
ä½ çš„å®¶ä¹¡æœ‰å“ªäº›ç¾é£Ÿï¼Ÿ,10437819,www.zhihu.com/roundtable/nidejiaxiangyouneixi
éš”ã€Œå›Šã€æ¢ç§‹æ¯« | æ— æŸæ£€æµ‹,510147237,www.zhihu.com/roundtable/genangtanwu
å°ç™½ç†è´¢ | æŒ‡æ•°åŸºé‡‘,202563600,www.zhihu.com/roundtable/zhishujijin
æ—¥æœ¬ç†å·¥ç§‘è€ƒç ”æƒ…æŠ¥ç«™,3095261,www.zhihu.com/roundtable/ribenligongkekaoyanq
ä¸ºäººçˆ¶æ¯çš„å®‰å…¨å¿…ä¿®è¯¾,259299427,www.zhihu.com/roundtable/anquanbixiuke
æˆ‘ä»¬åœ¨å“ªäº›é¢†åŸŸè¿˜ä¸å¤Ÿå¼ºå¤§,26003765,www.zhihu.com/roundtable/zhongguozaineixielin
è‡ªåŠ¨æ§åˆ¶çš„æŒ‘æˆ˜ä¸æœªæ¥,4943157,www.zhihu.com/roundtable/autosystem
2020ã€Šè‹±é›„è”ç›Ÿã€‹æ–°èµ›å­£å¯å¹•,55763172,www.zhihu.com/roundtable/lol2020
æ˜¥èŠ‚å‡æœŸ Â· æ³•å¾‹é”¦å›Š,1429803,www.zhihu.com/roundtable/falvjinnang2020
ç¿»è¯‘æ¢¦ï¼šç¿»ç¡•è¿˜æ˜¯CATTIï¼Ÿ,17847600,www.zhihu.com/roundtable/fanyimeng
2020å¹´æ‘†è„±â€œå“‘å·´è‹±è¯­â€ï¼,34625462,www.zhihu.com/roundtable/baituoyabayingyu
ã€Šåº†ä½™å¹´ã€‹å¶è½»çœ‰çš„æ•…äº‹,40622951,www.zhihu.com/roundtable/qingyunianyeqingmei
è€ƒç ”è·¯ä¸Šçš„ä½ æ°¸è¿œä¸ä¼šç‹¬è¡Œ,71263103,www.zhihu.com/roundtable/kaoyandenizuixiangsh
å†¬å­£åŠ¨ç”»å¤§ä½œæˆ˜,4126938,www.zhihu.com/roundtable/202001anime
åŠå¹´è´§ï¼Œè¿‡æ–°å¹´,98811133,www.zhihu.com/roundtable/bannianhuo
ç«¥å¹´æœ€çˆ±çš„ç‰¹æ‘„ç‰‡,13985760,www.zhihu.com/roundtable/tokusatsu
ä¹°è½¦ï¼Œä¸æ…Œ,29520173,www.zhihu.com/roundtable/maiche
è‹±è¯­å­¦ä¹ æ–°å¹´ Flag,105759190,www.zhihu.com/roundtable/2020learnenglish
æ—¥æœ¬æ–™ç†ï¼Œä½ æƒ³åƒå—ï¼Ÿ,90239227,www.zhihu.com/roundtable/ribenliaoli
æ³¨å†Œä¼šè®¡å¸ˆè€ƒè¯•ç»éªŒ,5528348,www.zhihu.com/roundtable/zhucekuaijishikaoshi
2019 å¹´åº¦æƒ…ç»ªå¤§èµ,188381266,www.zhihu.com/roundtable/qingxu2019
ç¾½ç»’æœä¹°ä»€ä¹ˆï¼Ÿ,118243320,www.zhihu.com/roundtable/yurongfumaishenme
çŸ¥æ‹›èŒåœº | æ³•å¾‹æ±‚èŒ,41151779,www.zhihu.com/roundtable/falv
ä¹¦å†™ä¹‹å…‰ | é’¢ç¬”,11614905,www.zhihu.com/roundtable/gangbi
å½“ä»£è¯—è¯åˆ›ä½œ,3716512,www.zhihu.com/roundtable/shicichuangzuo
å…¶å®è¯­è¨€å­¦å¾ˆæ¥åœ°æ°”,9822945,www.zhihu.com/roundtable/yuyanxue
æ™ºå•†ç¨æ¸…å• ,94191492,www.zhihu.com/roundtable/zhishangshui
2019 å¸¦ä½ çœ‹ä¸–ç•Œ,102000288,www.zhihu.com/roundtable/2019dainikanshijie
å¿ƒç†å­¦è¿˜èƒ½æœ‰è¿™ç”¨ï¼,113676821,www.zhihu.com/roundtable/xinlixuenenghaiyouyo
äº’è”ç½‘æè‡´æˆé•¿,206958204,www.zhihu.com/roundtable/geekgrowth
2019 è‚²å„¿å‘æœªæ¥,22609592,www.zhihu.com/roundtable/yuerxiangweilai
2019 æ±½è½¦å¤§æ—¶ä»£,5199183,www.zhihu.com/roundtable/2019qichepandian
2019 ç§‘å­¦è¿™ä¸€å¹´,34639972,www.zhihu.com/roundtable/2019science
æˆä¸ºä¸€åç®¡ç†ä¼šè®¡,56355786,www.zhihu.com/roundtable/guanliyuhuiji
2020 ç§‘æŠ€æ–°ä¸–ç•Œ,106065569,www.zhihu.com/roundtable/technologyevent2019
ç¤¼ç‰©é€ä»€ä¹ˆä¸¨åœ£è¯å­£,486816748,www.zhihu.com/roundtable/2019christmasgift
2019 è¿™äº›æœ€å€¼å¾—çœ‹,19034517,www.zhihu.com/roundtable/2019yingshi
å¥½å¥½åšå†³å®š,189198985,www.zhihu.com/roundtable/yongyouwuhuirensheng
2019 æˆ‘åœ¨èŒåœºé‚£äº›äº‹å„¿,531494916,www.zhihu.com/roundtable/zhichang2019
èµ°ï¼Œå»æµ·å¤–æŠ•èµ„åˆ›ä¸š,102886170,www.zhihu.com/roundtable/goglobal
è—åœ¨æ—¶å°šå…‰ç¯èƒŒåçš„æ•…äº‹,1238512385,www.zhihu.com/roundtable/2019esquire
æ”¾å¤§å¾®è§‚ä¸–ç•Œ | éå¸¸æƒ³é—®,168735676,www.zhihu.com/roundtable/microlife
å†³èƒœè€ƒç ”,267583075,www.zhihu.com/roundtable/kaoyanshangan
æ˜Ÿçƒå¤§æˆ˜æœ€å¼ºç»ˆç« ,11975483,www.zhihu.com/roundtable/starwars9
2019 æ—¶å…‰è®®äº‹å…,125265940,www.zhihu.com/roundtable/2019
å‘ä¸–ç•Œä»‹ç»ä¸­å›½,158735175,www.zhihu.com/roundtable/huhangjihua
ä¸å®Œç¾çˆ¶æ¯,133364642,www.zhihu.com/roundtable/buwanmeifumu
ä½ çš„è¯»åšä¹‹è·¯,115938133,www.zhihu.com/roundtable/dubozhilu
æ­£ç¡®è®¤è¯†æ¸¸æˆéšœç¢,213474926,www.zhihu.com/roundtable/zhengquerenshiyouxiz
æ•°å­¦åˆ°åº•æœ‰ä»€ä¹ˆç”¨ï¼Ÿ,25277784,www.zhihu.com/roundtable/shuxue
åœ¨åœ°å¿ƒç›¸é‡ | éå¸¸æƒ³é—®,16842385,www.zhihu.com/roundtable/dizhixue
å¸¦ä½ çœ‹ä¸–ç•Œä¸¨é€‰ä¸€æœ¬ç«¥ä¹¦,14786893,www.zhihu.com/roundtable/dainikanshijietongshu
ç›´å‡»å›½è¡Œ Switch å‘å¸ƒ,28616600,www.zhihu.com/roundtable/switchchina
ä½ äº†è§£è½¨é“äº¤é€šå—ï¼Ÿ,1082077758,www.zhihu.com/roundtable/guidaojiaotong
çœ¼é•œç©¶ç«Ÿæ€ä¹ˆé…,85408779,www.zhihu.com/roundtable/peijing
è®¾è®¡ä¸ä»·å€¼,23540776,www.zhihu.com/roundtable/shejiyujiazhi
çŸ¥æ‹›èŒåœº | å’¨è¯¢æ±‚èŒ,22068849,www.zhihu.com/roundtable/zixun
2020 ç”µå•†å¢é•¿é©±åŠ¨åŠ›,136372344,www.zhihu.com/roundtable/dianshang
ä½ å¥½ï¼èŒåœºå¦ˆå¦ˆ,18082955,www.zhihu.com/roundtable/zhichangmama
è®©æ¤ç‰©è¯´è¯ | éå¸¸æƒ³é—®,17913916,www.zhihu.com/roundtable/plantstalk
èŒäººè‡ªç™½é—´,834783658,www.zhihu.com/roundtable/careerstory2019
æ··åˆåŠ¨åŠ›ä¹‹æ½®,9005119,www.zhihu.com/roundtable/hunhedongli
ç§‘æŠ€å…±æŒ¯ä¹‹ 5G+,65768766,www.zhihu.com/roundtable/new5g
è¿™æ‰æ˜¯å¿ƒç†å­¦ | éå¸¸æƒ³é—®,35826640,www.zhihu.com/roundtable/xinlixue
11.11 æ™’å•è¿›è¡Œæ—¶,83061298,www.zhihu.com/roundtable/2019kaixiang
çŸ¥æ‹›èŒåœº | é‡‘èæ±‚èŒ,110879254,www.zhihu.com/roundtable/jinrong
æ™ºèƒ½ç§‘æŠ€ä¹‹å¹•åè‹±é›„,52392458,www.zhihu.com/roundtable/muhouyingxiong
ä»Šå¤©ä¹°ä»€ä¹ˆ | å…»è‚²ç¯‡,86935917,www.zhihu.com/roundtable/jintianmaishenme
ç§‹å­£åŠ¨ç”»å¤§ä½œæˆ˜,12322744,www.zhihu.com/roundtable/20923404
å¥½å¥‡å¿ƒå¤§çˆ†ç‚¸,52717030,www.zhihu.com/roundtable/haoqixin
å‰æ‰‹æ˜Ÿäººå¤§å¤‡æˆ˜,369994190,www.zhihu.com/roundtable/20191111
çŸ¥æ‹›èŒåœº | å¿«æ¶ˆæ±‚èŒ,26310940,www.zhihu.com/roundtable/kuaixiao
ä¸ä½ æœ‰å…³çš„é©¾é©¶å®‰å…¨,182173965,www.zhihu.com/roundtable/jiashianquan
æ•°æ®åˆ†æå…¥é—¨æŒ‡å—,22878875,www.zhihu.com/roundtable/shujufenxirumenzhina
å›½è´§æ­£å½“æ½®,151889588,www.zhihu.com/roundtable/guohuo
åˆ«äººå®¶çš„åŠå…¬å®¤,54582489,www.zhihu.com/roundtable/office
ç›´å‡» S9 å…¨çƒæ€»å†³èµ›,505006201,www.zhihu.com/roundtable/s9
çŸ¥æ‹›èŒåœº | è´¢åŠ¡æ±‚èŒ,90854028,www.zhihu.com/roundtable/caiwu
å®ç°æŠ•èµ„è‡ªç”±,117369067,www.zhihu.com/roundtable/touziziyou
ç†æƒ³å®¶åº­,434794346,www.zhihu.com/roundtable/lixiangjiating
æ¯æ ¡çš„æ•…äº‹,394248801,www.zhihu.com/roundtable/almamater
2019 è¯ºè´å°”å¥–å·¡ç¤¼,41819962,www.zhihu.com/roundtable/nobel2019
èˆªç©ºä¹‹ç¾ | éå¸¸æƒ³é—®,256615056,www.zhihu.com/roundtable/hangkong
çŸ¥æ‹›èŒåœº | åœ°äº§æ±‚èŒ,12763113,www.zhihu.com/roundtable/dichan
å¥½ä¹¦çœ‹å¾—è§,401970790,www.zhihu.com/roundtable/haoshukandejian
å¤§çƒå°çƒ 70 å¹´,106418488,www.zhihu.com/roundtable/sportsinchina
EDCä¸¨æ¯æ—¥å‡ºè¡Œè£…å¤‡,79670629,www.zhihu.com/roundtable/edc2019
æ–°æ‰‹çˆ¸å¦ˆè¿›åŒ–è®º,153370870,www.zhihu.com/roundtable/xinshoubamajinhualun
æˆ‘ç»ˆäºæœ‰çŒ«äº†,292353490,www.zhihu.com/roundtable/wozhongyuyoumaole
å¿ƒåŠ¨çš„ã€Œä¿¡å·ã€| éå¸¸æƒ³é—®,45181273,www.zhihu.com/roundtable/xinhao
è¿›å‡»å§ï¼Œæœºå™¨äºº,22934181,www.zhihu.com/roundtable/robot2019
æˆ‘å¤ªéš¾äº†,268420538,www.zhihu.com/roundtable/wotainanle
ç§‘ç ”æ–°æ‰‹æŒ‡å—,86042284,www.zhihu.com/roundtable/keyanxinshou
å¦‚ä½•ç™½æˆä¸€é“å…‰,48148239,www.zhihu.com/roundtable/white
ç›´å‡»è‹¹æœç§‹å­£å‘å¸ƒä¼š,305478072,www.zhihu.com/roundtable/appleevents2019
ç¯®çƒä¸–ç•Œæ¯è½ä¸‹å¸·å¹•,109202963,www.zhihu.com/roundtable/basketballworldcup
è‹±é›„è”ç›Ÿï¼Œæ— é™çƒ­çˆ±,270596796,www.zhihu.com/roundtable/lol8years
æ ¡å›­æ–°ç”Ÿè¿›é˜¶ä¹‹é“,316291699,www.zhihu.com/roundtable/xiaoyuanxinshengjinj
è¾å°„å¯æ€•å— | éå¸¸æƒ³é—®,23899741,www.zhihu.com/roundtable/fushe
ç“¦åŠ›å®éªŒå®¤ | è¯´è¯å¤ªéš¾äº†,162429698,www.zhihu.com/roundtable/hardtosay
å¼€å­¦è£…å¤‡å¤§å‡çº§,195489275,www.zhihu.com/roundtable/freshman
å¸¦ä½ çœ‹ä¸–ç•Œ | å¤©ç”Ÿè¿åŠ¨å®¶,39227753,www.zhihu.com/roundtable/tianshengyundongjia
é’å°‘å¹´çš„èŒä¸šè§‚,57050538,www.zhihu.com/roundtable/tencentyouthgo
å¥½å¥‡æ˜Ÿäºº | æˆ‘æ‰ä¸æ°”å‘¢,106283411,www.zhihu.com/roundtable/wocaibuqine
éå¸¸æƒ³é—® | ä¸€å£å¥½ç‰™,153255472,www.zhihu.com/roundtable/yikouhaoya
Ti9ï¼Œè‹±é›„ä¸æœ½,41604476,www.zhihu.com/roundtable/ti9
çœ‹çƒ Â· è¶³å›ã€Œæ–°ã€åŠ¿åŠ›,31052749,www.zhihu.com/roundtable/eurofootball
åˆ¶èºä¸€ä¸ªå¤å¤©,53485147,www.zhihu.com/roundtable/thebigband
éå¸¸æƒ³é—® | é‡è¿”æœˆçƒ,33174186,www.zhihu.com/roundtable/flymetothemoon
å¤å­£åŠ¨ç”»å¤§ä½œæˆ˜,2165417,www.zhihu.com/roundtable/xinfan201907
å½“ç§‘å¹»å˜ä¸ºç°å®,12664973,www.zhihu.com/roundtable/weilai
äº’è”ç½‘äººè¿›é˜¶ä¹‹è·¯,143440406,www.zhihu.com/roundtable/hulianwangren
ä¸åŠ¨åˆ€æ¢è„¸æœ¯,126743367,www.zhihu.com/roundtable/makeup
éå¸¸æƒ³é—® | ä¸€ä¸ªäººä½,203883815,www.zhihu.com/roundtable/alonelife
ä¹°å¯¹åŒ–å¦†å“ Â· ä¸èŠ±å†¤æ‰é’±,240384646,www.zhihu.com/roundtable/beauty
æ¼«é•¿äººç”Ÿå‘Šæ…°ä¹¦,86357750,www.zhihu.com/roundtable/longlife
éå¸¸æƒ³é—® | æ€ä¹ˆæ¥ç”µ,14947879,www.zhihu.com/roundtable/power
é«˜è€ƒå¿—æ„¿ï¼šä½ çš„å†³å®šæ€§ç¬é—´,274063257,www.zhihu.com/roundtable/gaokao2019
å¥½æ ·çš„ï¼ç¡¬æ ¸å¥¶çˆ¸,52115126,www.zhihu.com/roundtable/yinghenaiba
è´­ç‰©è½¦å¤§ä¹±æ–—,98754709,www.zhihu.com/roundtable/howtobuy
éå¸¸æƒ³é—® | æˆ‘æœ‰æ„Ÿè§‰,31630825,www.zhihu.com/roundtable/woyouganjue
å“†å•¦Aæ¢¦ | ä¼´æˆ‘åŒè¡Œ,35600940,www.zhihu.com/roundtable/20758686
ç»™å­©å­çš„è‰ºæœ¯å¯è’™è¯¾,24298461,www.zhihu.com/roundtable/yishuqimeng
NBA æ€»å†³èµ›,116686185,www.zhihu.com/roundtable/nbafinals
éå¸¸æƒ³é—® | äººç±»çš„æœ¬è´¨,53917446,www.zhihu.com/roundtable/renleidebenzhi
çŸ¥æ‹›èŒåœº | æˆä¸ºç®¡ç†è€…,112859332,www.zhihu.com/roundtable/leadership
ä¹°ä¸€ä»¶ç å®,40530600,www.zhihu.com/roundtable/jewelry
ç§‘æŠ€è‡ªç«‹ä¹‹è·¯ ,390497033,www.zhihu.com/roundtable/kejizili
æ¸¸æˆçš„å¥¥ç§˜ I æ¸¸æˆåˆ¶ä½œè€…åœ¨è·¯ä¸Š,34258355,www.zhihu.com/roundtable/20756053
å½±è§†èŒäººè¯´ | ä¸­å›½æ¼”å‘˜åœ¨è·¯ä¸Š,1302680625,www.zhihu.com/roundtable/longliveactor
å©é—®å¿ƒç†å’¨è¯¢,5557498,www.zhihu.com/roundtable/xinlizixun
èŒä¸šæƒ…æŠ¥å±€,197058233,www.zhihu.com/roundtable/zhiyeqingbaoju
å½“å¦ˆå¦ˆçš„ç¬¬ä¸€å¹´,129435640,www.zhihu.com/roundtable/chengweimama
æƒ³è¦ä¸€å¤´ç§€å‘,268835101,www.zhihu.com/roundtable/hair
æƒ³ä¹°ä¸€ä¸ªæ–°é”®ç›˜,43169433,www.zhihu.com/roundtable/keyboard
çˆ¸å¦ˆå¿˜è®°äº†,6331875,www.zhihu.com/roundtable/renzhizhangai
éå¸¸æƒ³é—® | ç«¥å¹´æƒ³çŸ¥é“,14087054,www.zhihu.com/roundtable/shaoerkepu
å½±è§†èŒäººè¯´ | é’å¹´å¯¼æ¼”å…»æˆè®°,57162307,www.zhihu.com/roundtable/youngdirector
å†è§åˆä»£å¤è”,309626667,www.zhihu.com/roundtable/avengers
è‹±é›„è”ç›Ÿæ–°ç‹é™ä¸´,215686633,www.zhihu.com/roundtable/2019lplspring
ç›´å‡» 2019 ä¸Šæµ·è½¦å±•,19638366,www.zhihu.com/roundtable/2019shanghaichezhan
æˆ‘æ˜¯çƒé‹æ§,211812898,www.zhihu.com/roundtable/sneakerhead
å‡›å†¬å·²è‡³ï¼Œå†è§æƒæ¸¸,379419398,www.zhihu.com/roundtable/got2019
æ™’æ¡Œé¢ | è®¾å¤‡å¤§ä¹±æ–—,11935934,www.zhihu.com/roundtable/desk
ç§‘ç ”æœ‰ç‚¹éš¾,146552359,www.zhihu.com/roundtable/keyan
ç›´å‡»è‹¹æœå‘å¸ƒä¼š,262020442,www.zhihu.com/roundtable/apple2019
çŸ¥æ‹›èŒåœº | è·³æ§½ä¸è·³å‘,232022164,www.zhihu.com/roundtable/tiaocao
5G æ–°èµ›åœº,38385553,www.zhihu.com/roundtable/5g
ä» 0 åˆ° 1 å­¦åŒ–å¦†,309956012,www.zhihu.com/roundtable/huazhuang
éå¸¸æƒ³é—® | å…ƒç´ ä¹‹æ—…,38446328,www.zhihu.com/roundtable/huaxueyuansu
é‚£äº›ä¸ä½ æœ‰å…³çš„å˜åŒ–,290279304,www.zhihu.com/roundtable/lianghui2019
æŠ˜å å±æ¦‚å¿µä¹‹æˆ˜,20897036,www.zhihu.com/roundtable/zhedieping
ç”·å£«ä¸æ²¹è…»æŒ‡å—,167513430,www.zhihu.com/roundtable/nanshihufu
æ‹¯æ•‘ä¸Šç­ã€Œå’ã€,64070848,www.zhihu.com/roundtable/officehealth
2019 ç§‘æŠ€å°†æ”¹å˜ä»€ä¹ˆ,26684183,www.zhihu.com/roundtable/kejichuangxin
ã€Œæ— äººå·¥å‚ã€è¿›åŒ–è®º,19178841,www.zhihu.com/roundtable/zidonghua
2018 å¹´åº¦ç›˜ç‚¹,219973257,www.zhihu.com/roundtable/bestof2018
å¤ªç©ºæ¼«æ¸¸,64704894,www.zhihu.com/roundtable/taikong
éƒ½å¸‚é’å¹´å¯»é¦™æŒ‡å—,57103772,www.zhihu.com/roundtable/xiangshui
å¾‹å•†ä»ä¸šæ¼«è°ˆ,55682552,www.zhihu.com/roundtable/lvshang
é‡è¿”æé¾™æ—¶ä»£,42944481,www.zhihu.com/roundtable/dinosaur
æ¯ä¹³å–‚å…»å…¨é¢æŒ‡å—,34868303,www.zhihu.com/roundtable/muruweiyang
ä»é›¶å¼€å§‹ç©æˆ·å¤–,9051405,www.zhihu.com/roundtable/duihuagaoshan
çˆ¸å¦ˆè¿ˆå…¥æŠ€æœ¯æ—¶ä»£,20106930,www.zhihu.com/roundtable/shuziwannian
ç²¾ç¥å¥åº·çŸ¥å¤šå°‘,8321263,www.zhihu.com/roundtable/jingshenjiankang
2018 è¯ºè´å°”å¥–å·¡ç¤¼,99344484,www.zhihu.com/roundtable/nobel2018
ä¹°ä¸€ä»¶å¥½å®¶å…·,41164178,www.zhihu.com/roundtable/haojiaju
èŒåœºæ–°äººé¡»çŸ¥,87109416,www.zhihu.com/roundtable/zhichangxinren
ã€Œåˆ†å¼€ã€è¿™ä»¶å°äº‹,132651656,www.zhihu.com/roundtable/fenkai
æ‚„å£°æŠ‘éƒ,20772760,www.zhihu.com/roundtable/qiaoshengyiyu
çŸ¥è¯†äº§æƒä¿å«æˆ˜,2962763,www.zhihu.com/roundtable/zhichan
ç–«è‹—æ¥ç§äºŒä¸‰äº‹,23262442,www.zhihu.com/roundtable/yimiaojiezhong
è£…ä¿®é¿ã€Œå‘ã€æŒ‡å—,98490858,www.zhihu.com/roundtable/zhuangxiu
å¿ƒç†å­¦å®éªŒå®¤,11210076,www.zhihu.com/roundtable/psylab
æˆä¸ºå»ºç­‘å¸ˆ,10356320,www.zhihu.com/roundtable/jianzhushi
éƒ½æ˜¯è¿‡æ•æƒ¹çš„ç¥¸,110213430,www.zhihu.com/roundtable/guomin
ä»Šæ™šç¡ä¸ç€,54063230,www.zhihu.com/roundtable/shuimian
æ˜¥å¤©å»èµèŠ±,23860743,www.zhihu.com/roundtable/flower2018
ç½‘ç»œä»²è£çŸ¥å¤šå°‘,582087,www.zhihu.com/roundtable/zhongcai
æˆä¸ºé£è¡Œå‘˜,33556706,www.zhihu.com/roundtable/feixingyuan
æˆä¸ºè¿åŠ¨è¾¾äºº,28935006,www.zhihu.com/roundtable/xiaoyuanjianshen
å¥³æ€§å‘µæŠ¤æŒ‡å—,233129881,www.zhihu.com/roundtable/women
æ¬¢è¿æ¥åˆ°é£æ§æ—¶ä»£,41801635,www.zhihu.com/roundtable/risk
VLOGï¼šè§†é¢‘è®°å½•è€…,10737020,www.zhihu.com/roundtable/vlog
å‡æœŸæ¡Œæ¸¸ä¸æ’ç”µ,9469356,www.zhihu.com/roundtable/zhuoyou
æ˜¥èŠ‚ã€Œé€šå…³ã€æ”»ç•¥,174677849,www.zhihu.com/roundtable/chunjie2018
30 å²äººç”Ÿæ”»ç•¥,405239173,www.zhihu.com/roundtable/middleage
æœºå™¨ä¹‹èƒ½ X è¯­è¨€ä¹‹ç¾,17931886,www.zhihu.com/roundtable/translate
å AlphaGo æ—¶ä»£çš„äººå·¥æ™ºèƒ½ç‰ˆå›¾,22241191,www.zhihu.com/roundtable/alphago
2017 å¹´åº¦ç›˜ç‚¹,302687716,www.zhihu.com/roundtable/bestof2017
è½»å¥èº«è¯¾å ‚,30282292,www.zhihu.com/roundtable/jianshen
ä¸å†ã€Œè°ˆç™Œè‰²å˜ã€,132474951,www.zhihu.com/roundtable/zhongliuaizheng
çºªå½•ç‰‡åçš„çœŸå®ä¸–ç•Œ,29506019,www.zhihu.com/roundtable/jilupianjie
æ®‹éšœï¼šæˆ‘å’Œå°‘æ•°äººçš„ç”Ÿæ´»,23225732,www.zhihu.com/roundtable/canzhang
å»ºç­‘æ—¥ç”¨æŒ‡å—,14478361,www.zhihu.com/roundtable/jianzhugongneng
éŸ³ä¹ç‰ˆæƒç™½çš®ä¹¦,9478371,www.zhihu.com/roundtable/2017yybq
æ•°å­—å…³ç³»ä¸æ–°ç¤¾ç¾¤,3852655,www.zhihu.com/roundtable/xinshequn
æ‡‚ä¸€ç‚¹å©šå§»,34078098,www.zhihu.com/roundtable/hunyin
ã€Œèšç„¦ã€2017 å¹¿å·è½¦å±•,18980758,www.zhihu.com/roundtable/2017gzcz
å¢è‚Œè®­ç»ƒæŒ‡å—,82240475,www.zhihu.com/roundtable/zengji
æ‹¯æ•‘å®¤å†…ç©ºæ°”,18704962,www.zhihu.com/roundtable/shineikongqi
ç½‘ç»œæ–‡å­¦é£äº‘å½•,19832367,www.zhihu.com/roundtable/wangluowenxue
2017 è¯ºè´å°”å¥–å·¡ç¤¼,22812194,www.zhihu.com/roundtable/nobelprize2017
ç•™å­¦ç”³è¯·å­£,18018612,www.zhihu.com/roundtable/liuxueshenqing
æ¶ˆè´¹å‡çº§å¯ç¤ºå½•,14368841,www.zhihu.com/roundtable/trading-up
è´¢åŠ¡é€ å‡çš„èƒŒå,10684364,www.zhihu.com/roundtable/caiwuzaojia
ç©è½¬åŸå¸‚å‘¨è¾¹,5694040,www.zhihu.com/roundtable/tanxian
æœºå™¨å­¦ä¹  Â· å­¦ä»¥è‡´ç”¨,12481709,www.zhihu.com/roundtable/jiqixuexi
çœ‹çƒ Â· æ¬§æ´²è¶³å›,36152485,www.zhihu.com/roundtable/ouzhouzutan
å¯°è¡Œä¸­å›½æ¡¥æ–‡åŒ–ä¹‹æ—…,2981248,www.zhihu.com/roundtable/qiaowenhua
çœ‹ä¸åˆ°çš„æ‹äºº,88398978,www.zhihu.com/roundtable/yidilian
å‡è„‚è¿›è¡Œæ—¶,94134694,www.zhihu.com/roundtable/jianfei
è§£é”æ¸¸æ³³æŠ€èƒ½,35817067,www.zhihu.com/roundtable/youyong
å‘å„¿ç«¥æ€§ä¾µã€Œè¯´ä¸ã€,30857548,www.zhihu.com/roundtable/etxq
å•†ä¸šç ”ç©¶æ‰€,50241259,www.zhihu.com/roundtable/companies
æ€æ ·è¿‡å¤å¤©,27447446,www.zhihu.com/roundtable/xiatian
ç”µç«é£äº‘ Â· å†³æˆ˜è‚‰å±±,30079023,www.zhihu.com/roundtable/dota2
æŒ‘æˆ˜å±±é‡,2112301,www.zhihu.com/roundtable/dengshantubu
æ•°æ®æŒ–æ˜åº”ç”¨,1732539,www.zhihu.com/roundtable/shujuwajue
å°å¿ƒã€Œè‚ã€ä¿å«æˆ˜,9614639,www.zhihu.com/roundtable/yigan
ç»æµæ•°æ®é¢é¢è§‚,10807989,www.zhihu.com/roundtable/econ-data
å­¦ä¸€ç‚¹è´¢åŠ¡åˆ†æ,15658908,www.zhihu.com/roundtable/caiwufenxi
çœ‹è§å»ºç­‘ä¹‹ç¾,25141241,www.zhihu.com/roundtable/jianzhu
å…¥è¡Œå¾‹å¸ˆè¡Œå›Š,9546902,www.zhihu.com/roundtable/lvshixingnang
å¿ƒç†å’¨è¯¢å¸ˆçš„è¿›é˜¶ä¹‹è·¯,675736,www.zhihu.com/roundtable/xinlizixunshi
ç§‘å­¦å¥èº«å…¥é—¨,60494396,www.zhihu.com/roundtable/jianshenrumen
çˆ¸çˆ¸ä¸åœ¨å®¶,51227924,www.zhihu.com/roundtable/fuqinjie
è‰ºæœ¯çš„è·¨ç•Œä¹‹æ—…,6853491,www.zhihu.com/roundtable/yishukuajie
ç©å…·æœ‰æ„æ€,24523966,www.zhihu.com/roundtable/wanju
æ—¥å¸¸ç»æµå­¦ Â· æˆ‘ä¸ºä»€ä¹ˆè¿™ä¹ˆç©·,39352263,www.zhihu.com/roundtable/poor-econ
æˆ‘çš„è½¦å®‰å…¨å—,4916868,www.zhihu.com/roundtable/qicheanquan
NBA æ€»å†³èµ› Â· éª‘å£«ä¸å‹‡å£«ç¬¬ä¸‰å­£,56590730,www.zhihu.com/roundtable/nbazongjuesai2017
Hiï¼ŒèŒåœº,115353847,www.zhihu.com/roundtable/haohaogongzuo
æ¼«è°ˆæœºå™¨æ™ºèƒ½,606163,www.zhihu.com/roundtable/gmis
çƒ˜ç„™æ–°æ‰‹è¯¾å ‚,3967036,www.zhihu.com/roundtable/baking
ä¸èƒ½å¥½å¥½è°ˆæ‹çˆ±,59082634,www.zhihu.com/roundtable/haohaolianai
æ³¨å†Œä¼šè®¡å¸ˆä¹‹è·¯,41496587,www.zhihu.com/roundtable/cpa
äººæœºå¯¹å¼ˆç»ˆç« ,25255931,www.zhihu.com/roundtable/kejie-vs-alphago
Google I/O 2017,1341970,www.zhihu.com/roundtable/googleio2017
æˆ›çº³åœ¨çŸ¥ä¹,3477310,www.zhihu.com/roundtable/cannes70
åŸºé‡‘æŠ•èµ„äºŒä¸‰äº‹,12900221,www.zhihu.com/roundtable/fundinvestment
å‘˜å·¥ç¦åˆ©çŸ¥å¤šå°‘,24241526,www.zhihu.com/roundtable/yuangongfuli
å½“æˆ‘é€‰æ‹©æˆä¸ºæ¯äº²,50476348,www.zhihu.com/roundtable/chengweimuqin
ç”µç«é£äº‘ Â· å¾·ç›è¥¿äºšä¹‹åŠ›,18246530,www.zhihu.com/roundtable/lol
æ¼«å¨å®‡å®™å·¡æ¸¸,36535047,www.zhihu.com/roundtable/marvel
äººå·¥æ™ºèƒ½ Â· è¯­è¨€æ™ºèƒ½,8305586,www.zhihu.com/roundtable/ziranyuyan
å·´è²ç‰¹çš„æŠ•èµ„ä¹‹é“,4444469,www.zhihu.com/roundtable/buffett
é˜…è¯» 50 é—®,180350545,www.zhihu.com/roundtable/dushuri2017
å§å®¤å¥½æ”¶çº³,29468111,www.zhihu.com/roundtable/shouna
èšç„¦æ¬§å† ,11313318,www.zhihu.com/roundtable/ouguan2017
å›°å¢ƒä¸­çš„å¿ƒç†å’¨è¯¢ 2,841526,www.zhihu.com/roundtable/kunjingzhongdexinlizixun
é‡‘èç§‘æŠ€æµªæ½®,2683033,www.zhihu.com/roundtable/fintech
çœ‹è½¦å±• Â· çœ‹æœªæ¥,9637076,www.zhihu.com/roundtable/2017chezhan
äººå·¥æ™ºèƒ½ Â· æœºå™¨æ„ŸçŸ¥,9608143,www.zhihu.com/roundtable/jiqiganzhi
åˆ›æ„è€…ç»æµ,19634529,www.zhihu.com/roundtable/fanyule
å¥½å¥½å¼€è½¦ Â· è´­è½¦æŒ‡å—,51995480,www.zhihu.com/roundtable/maiche01
æ—¥å¸¸ç»æµå­¦ Â· åšå¼ˆäººç”Ÿ,32422553,www.zhihu.com/roundtable/gametheory
æˆ‘é‡åˆ°äº†ç½‘ç»œä¾µæƒ,684410,www.zhihu.com/roundtable/wangluoqinquan
ä»é›¶å¼€å§‹çš„æ€§æ•™è‚²,229423836,www.zhihu.com/roundtable/ertongxingjiaoyu
è¿åŠ¨æ­£å½“æ—¶,85865214,www.zhihu.com/roundtable/chunjiyundong
æµ·å¤–æŠ•èµ„åˆæ¢,6546725,www.zhihu.com/roundtable/invest-overseas
å·èœä¸åªéº»è¾£,5706177,www.zhihu.com/roundtable/chuancai
å¥½å¥½å¼€è½¦ Â· å…»æŠ¤æŒ‡å—,21914435,www.zhihu.com/roundtable/yanghu01
2017 å¥¥æ–¯å¡å·¡ç¤¼,23347449,www.zhihu.com/roundtable/oscar2017
å¥½å¥½å¼€è½¦ Â· é©¾é©¶æŒ‡å—,47421286,www.zhihu.com/roundtable/jiashi01
åŸºç¡€æŠ¤è‚¤,107866557,www.zhihu.com/roundtable/skincare
äººå·¥æ™ºèƒ½ Â· è‡ªåŠ¨é©¾é©¶,4368457,www.zhihu.com/roundtable/selfdriving
ç¡ä¸ªå¥½è§‰å§,47315047,www.zhihu.com/roundtable/sleep
æ‹ä¸€éƒ¨ç”µå½±,9116958,www.zhihu.com/roundtable/cinematic
è¿‡å¹´å›¤ç‚¹ä»€ä¹ˆå¥½,13093963,www.zhihu.com/roundtable/nian2017
åŸå¸‚æ‰‹å†Œ,49559228,www.zhihu.com/roundtable/yourcity
èŒä¸šå€¦æ€ ä¸è·³æ§½é¡»çŸ¥,38854306,www.zhihu.com/roundtable/burnout
æˆ‘çˆ±çœ‹ç¾å‰§,22733103,www.zhihu.com/roundtable/season1
NBA èµ›åœºå†…å¤–,13459885,www.zhihu.com/roundtable/xmasgames
æ–°èƒ½æºæ±½è½¦æ—¶ä»£,7893397,www.zhihu.com/roundtable/newenergycar
æˆä¸ºå¿ƒç†å’¨è¯¢å¸ˆ,2023706,www.zhihu.com/roundtable/psychologicalconsultant
ä½ ç°åœ¨è¿˜è¯»ä¹¦å—,13882387,www.zhihu.com/roundtable/reading
å•†ä¸šé“¶è¡ŒèŒä¸šè¿›é˜¶ä¹‹è·¯,11470069,www.zhihu.com/roundtable/banker
2016 å¹´åº¦ç›˜ç‚¹,85764155,www.zhihu.com/roundtable/bestof2016
è¢«å¿½è§†çš„æ ¡å›­æš´åŠ›,7273446,www.zhihu.com/roundtable/campusviolence
å¥åº·çœŸç›¸ Â· HIV / è‰¾æ»‹ç—…,23502788,www.zhihu.com/roundtable/hiv-aids
å‡ºå›½å»è¿‡å†¬,7240352,www.zhihu.com/roundtable/wintertravel
è¿åŠ¨åœ¨å†¬å­£,14234525,www.zhihu.com/roundtable/wintersports
è‡ªç”±èŒä¸šä¹‹è·¯,5693221,www.zhihu.com/roundtable/freelancers
åˆ†äº«ç»æµæµªæ½®,10890475,www.zhihu.com/roundtable/sharing-econ
èµ›è½¦å¤§å°äº‹,8719310,www.zhihu.com/roundtable/racingcar
å³ä½¿ç‹¬è‡ªç”Ÿæ´»,34021058,www.zhihu.com/roundtable/isolitary
ç©è½¬æ— äººæœº,8086182,www.zhihu.com/roundtable/drone
è¯»ä¸ªå•†å­¦é™¢,11391118,www.zhihu.com/roundtable/biz-school
ä¹°è¾†äºŒæ‰‹è½¦,23458419,www.zhihu.com/roundtable/usedcar
ç½‘çº¢ä¸ç½‘çº¢ç»æµ,10775177,www.zhihu.com/roundtable/internetkol
æè£…ä¿® Â· æ‰“é€ å®¢å…,11953651,www.zhihu.com/roundtable/livingroom
2016 è¯ºè´å°”å¥–å·¡ç¤¼,10146100,www.zhihu.com/roundtable/nobelprize2016
ç½‘ç˜¾ä¸ç½‘ç»œç”Ÿæ´»,7211917,www.zhihu.com/roundtable/iad
ç©ºé—´æŠ€æœ¯æ­ç§˜,2252147,www.zhihu.com/roundtable/spacetech
æœ‰å¤‡æ— æ‚£çš„è€å¹´äººç”Ÿ,6966751,www.zhihu.com/roundtable/psyofaging
èŠèŠç¾å¼æ©„æ¦„çƒ,1876757,www.zhihu.com/roundtable/americanfootball
é—²è¯è‘¡è„é…’,2652334,www.zhihu.com/roundtable/wine
é‡Œçº¦å¥¥è¿,105982566,www.zhihu.com/roundtable/rio2016
çœ‹çƒ Â· æ¬§æ´²æ¯,4890606,www.zhihu.com/roundtable/euro2016
è‹±å›½ Â· æ¬§ç›Ÿ Â· ä¸–ç•Œ,4173016,www.zhihu.com/roundtable/brexit
æ–°æ¶ˆè´¹æ—¶ä»£,5323203,www.zhihu.com/roundtable/consumption
å©šç¤¼å¤§ä½œæˆ˜,12251103,www.zhihu.com/roundtable/wedding
çœ‹çƒ Â· NBA æ€»å†³èµ›,40736433,www.zhihu.com/roundtable/nbathefinals2016
æ–°æ‰‹çˆ¸å¦ˆå¤‡å¿˜å½•,14798571,www.zhihu.com/roundtable/youngparents
æˆä¸ºå¤©æ–‡å­¦å®¶,1693216,www.zhihu.com/roundtable/astronomer
ç†è´¢è¾¾äºº,39493149,www.zhihu.com/roundtable/financialplanning
å›°å¢ƒä¸­çš„å¿ƒç†å’¨è¯¢,1232660,www.zhihu.com/roundtable/psycdilemma
è°ˆé’±è°ˆç¯ä¿,4388068,www.zhihu.com/roundtable/environeco
å§‘å¨˜ï¼Œå½“å¿ƒ,40915658,www.zhihu.com/roundtable/femalekeepcalm
ç‰ˆæƒä¿æŠ¤ä¹‹è·¯,129514713,www.zhihu.com/roundtable/copyright2016
åœ°äº§æŠ•èµ„é‚£ç‚¹äº‹,9396179,www.zhihu.com/roundtable/real-estate-investment
å¿ƒç†å­¦èŒä¸šå‘å±•æŒ‡å—,4593290,www.zhihu.com/roundtable/psyjob
ç–«è‹—ä¸å®‰å…¨,64572213,www.zhihu.com/roundtable/vaccine-safety
å››å¤§ä¹‹å,16482528,www.zhihu.com/roundtable/afterbig4
çºµæ¨ªç»æµå²,21410976,www.zhihu.com/roundtable/ecohistory
å¯¹å¼ˆäººå·¥æ™ºèƒ½,119345337,www.zhihu.com/roundtable/alphago-vs-lee
äºŒèƒå…»è‚²æ–¹æ³•è®º,29262825,www.zhihu.com/roundtable/twochild
å¥½å¥½è¿‡å¹´,109399291,www.zhihu.com/roundtable/nian2016
çœ‹è¶³çƒ Â· å›½é™…èµ›åœº,27574985,www.zhihu.com/roundtable/soccer
å­¦ä¸€é—¨è¯­è¨€,118169348,www.zhihu.com/roundtable/language
å®¡è®¡é£äº‘,81471040,www.zhihu.com/roundtable/audit
æ˜Ÿçƒå¤§æˆ˜,44464263,www.zhihu.com/roundtable/starwars
2015 å¹´åº¦ç›˜ç‚¹,497544788,www.zhihu.com/roundtable/bestof2015
å‘ç° Â· æ—¥æœ¬,27772425,www.zhihu.com/roundtable/japan
åè§ã€æ­§è§†ä¸ä¸å…¬,9083323,www.zhihu.com/roundtable/discriminate
æˆ‘å¾ˆç„¦è™‘,27538931,www.zhihu.com/roundtable/anxiety
æ¢ç´¢åœ°ä¸‹é“,6321705,www.zhihu.com/roundtable/metro-inside
å­—ä½“è®¾è®¡é—¨ä¸è·¯,270796891,www.zhihu.com/roundtable/typeface
è®¤çŸ¥è§£ç ,7586509,www.zhihu.com/roundtable/cognition
ç»æµå­¦æ€ç»´,16548596,www.zhihu.com/roundtable/rationalize
åŸå¸‚å‘ç° Â· é¦™æ¸¯,9602912,www.zhihu.com/roundtable/hongkong
é©¬æ‹‰æ¾ä¹‹è·¯,35518128,www.zhihu.com/roundtable/marathon2015
æ½œå…¥è”šè“,38624841,www.zhihu.com/roundtable/oceanography
æ—¥å¸¸æ³•å¾‹åº”æ€¥ç®±,20871361,www.zhihu.com/roundtable/legalkit
æˆ·å¤–ç©å®¶ä¿±ä¹éƒ¨,47955677,www.zhihu.com/roundtable/tnf-pro-player
è¯ºè´å°”å¥–å·¡ç¤¼,165925776,www.zhihu.com/roundtable/nobelprize2015
åŠ¨ç”»ç”µå½±åŠ¨ç”»äºº,178849421,www.zhihu.com/roundtable/anime
ç¦»ä¸å¼€åŸå¸‚,101911745,www.zhihu.com/roundtable/urbanization
ä»¥å®¶çš„åä¹‰,468094832,www.zhihu.com/roundtable/family
èµ„é‡‘ï¼Œå¸‚åœºï¼Œäº¤æ˜“å‘˜,71706927,www.zhihu.com/roundtable/trader
ä¸å…»ç†Šå­©å­,351138068,www.zhihu.com/roundtable/raisingachild
åƒå¾—æ˜ç™½,559756276,www.zhihu.com/roundtable/knowingfood
å¨æˆ¿çš„ç§˜å¯†,665101933,www.zhihu.com/roundtable/kitchen
å…³äºçˆ±æƒ…,479125360,www.zhihu.com/roundtable/allaboutlove
è®¤çœŸã€Œå®…ã€èµ·æ¥,92710121,www.zhihu.com/roundtable/acg
ç»æµè¯¾å ‚ 101,27148681,www.zhihu.com/roundtable/principleecon
è°ä¸å­¤ç‹¬,455802975,www.zhihu.com/roundtable/loneliness
åŸå¸‚äº¤é€šæŒ‡å—,23218171,www.zhihu.com/roundtable/smart-urban-traffic
LGBT,57503672,www.zhihu.com/roundtable/lgbt
å•¤é…’æ–°ä¸–ç•Œ,2699384,www.zhihu.com/roundtable/cheers
ç™½å¸½é»‘å®¢ä¸å®‰å…¨,20395967,www.zhihu.com/roundtable/white-hat
å®‡å®™é‚£ä¹ˆå¤§,7524715,www.zhihu.com/roundtable/astronomy
å‰§åœºå†…å¤–,2375494,www.zhihu.com/roundtable/drama
å®è´å°å¿ƒ,3354191,www.zhihu.com/roundtable/kids-safety
é—®ç¨å¤§å…,6851857,www.zhihu.com/roundtable/taxation
ä½ æœ‰å‹åŠ›,11895642,www.zhihu.com/roundtable/underpressure
ç‰ˆæƒçš„ä¸ªäººæ—¶ä»£,1103551,www.zhihu.com/roundtable/copyright2015
è‡ªé©¾å‡ºæ¸¸æŒ‡å—,6884566,www.zhihu.com/roundtable/drivetour
åŸºå› è§£ç ,40796855,www.zhihu.com/roundtable/decode-genetics
å–æ¯å¥½å’–å•¡,11439267,www.zhihu.com/roundtable/good-coffee
ã€Œèƒ½ã€è§è”šè“,4058102,www.zhihu.com/roundtable/earthhour2015
æ€»è£æ˜¯æ€æ ·ç‚¼æˆçš„,7105946,www.zhihu.com/roundtable/being-ceo
æ—¥å¸¸è¡Œä¸ºåˆ†æ,36812126,www.zhihu.com/roundtable/everydaylife
å†œæ‘é‡‘è,12702713,www.zhihu.com/roundtable/agriculturalfinance
å°†ç§‘å­¦ç ”ç©¶è¿›è¡Œåˆ°åº•,30242202,www.zhihu.com/roundtable/scientific-research
æˆ·å¤–æ’’æ¬¢æŒ‡å—,13049970,www.zhihu.com/roundtable/outdoorsports
è¶…çº§è‹±é›„,14100588,www.zhihu.com/roundtable/superhero
å¯¹å†²åŸºé‡‘,6052137,www.zhihu.com/roundtable/hedgefund
æ±½è½¦é€ å‹è®¾è®¡,1473496,www.zhihu.com/roundtable/car-design
ä¸“åˆ©æ€ä¹ˆç©,4053774,www.zhihu.com/roundtable/patent
å»é…’åº—åº¦å‡,12220188,www.zhihu.com/roundtable/boutiquehotel
ç‰™é½¿ä¿å«æˆ˜,88885419,www.zhihu.com/roundtable/oral-health
å¾®è§‚è‹±ä¼¦,14526905,www.zhihu.com/roundtable/mini-modern-british
è®¾è®¡å¸ˆçš„æˆé•¿ä¹‹è·¯,10912510,www.zhihu.com/roundtable/design1410
é‡‘èçš„å·¥ç¨‹å¸ˆ,6417630,www.zhihu.com/roundtable/quant
å®¶æœ‰å„¿å¥³,19207483,www.zhihu.com/roundtable/parenting
å€ºåˆ¸å¸‚åœº,3280357,www.zhihu.com/roundtable/bondmkt
æ™ºèƒ½ç¡¬ä»¶æ—¶ä»£,2196031,www.zhihu.com/roundtable/hs2014
å‘Šåˆ«æŠ‘éƒ,52365897,www.zhihu.com/roundtable/depression
åŠ¨ç”»ä¸ç”µå½±,17535332,www.zhihu.com/roundtable/animation
èœ—å±…ä¸å®¶å…·,20564847,www.zhihu.com/roundtable/smallfurniture
ç½‘ç»œç©ºé—´çš„å¿ƒè·³,10618500,www.zhihu.com/roundtable/cyberhack
æ…•è¯¾è€Œæ¥,3672519,www.zhihu.com/roundtable/moocchina
é£æŠ•æµªæ½®,7065889,www.zhihu.com/roundtable/waveofvc
æ¢å¯»å…¬ç›ŠåŸºé‡‘ä¼š,1371071,www.zhihu.com/roundtable/npfoundation
æ‰“ä¸ªé¢„é˜²é’ˆ,15469727,www.zhihu.com/roundtable/vaccinology
æ—¥éŸ©ç”µå½±ç¾¤è‹±ä¼ ,12684775,www.zhihu.com/roundtable/jk-movies
å¹¶è´­ä¸­çš„åšå¼ˆ,2665904,www.zhihu.com/roundtable/binggou
å®¶è£…å¤§ä½œæˆ˜,37307692,www.zhihu.com/roundtable/homedesigner
å¤ªç©ºæ¼«æ¸¸æŒ‡å—,4037665,www.zhihu.com/roundtable/spacetravel
ç‹¬ç«‹ä¹¦åº—é€†è¢­,2076726,www.zhihu.com/roundtable/indiebookstore
é‡‘æ£•æ¦ˆ,349357,www.zhihu.com/roundtable/cannes
å½±å­å¤§äº¨,3336572,www.zhihu.com/roundtable/banking
çŸ¥ä¹åŸåˆ›ä¿æŠ¤å‘¨,2753912,www.zhihu.com/roundtable/copyright2014
äº’è”ç½‘ç”µè§†æµªæ½®,3192080,www.zhihu.com/roundtable/smarttv
é¦™æ¸¯ç”µå½±æµ®æ²‰å½•,30868943,www.zhihu.com/roundtable/filmsofhk
å†²å‡ºé›¾éœ¾é‡å›´,6974442,www.zhihu.com/roundtable/earthhour2014
æ•²ä¸ªå¼€å¸‚é’Ÿ,3011797,www.zhihu.com/roundtable/roadtoipo
é­”é¬¼ç»æµå­¦,7387233,www.zhihu.com/roundtable/frknomy
4G LTE,2507585,www.zhihu.com/roundtable/lte
2013 Â· çŸ¥ç”µå½±,3473053,www.zhihu.com/roundtable/zhimovie
å™¨æå…šçš„åå‡»,10656858,www.zhihu.com/roundtable/ph13
è¯»è´¢æŠ¥,9497960,www.zhihu.com/roundtable/fstat
ç»å°½è„‘æ±,14995228,www.zhihu.com/roundtable/brain
ç¡¬ä»¶åˆ›ä¸š,785497,www.zhihu.com/roundtable/hs2013
é£è·ƒé‡æ´‹,59676485,www.zhihu.com/roundtable/studyabroad
åˆåˆ°é›ªå­£,6087124,www.zhihu.com/roundtable/skiing
ä½ åœ¨æƒ³ä»€ä¹ˆâ€”â€”å¿ƒç†å’¨è¯¢,3921463,www.zhihu.com/roundtable/psyc
é’æ˜¥ä¸æ•£åœº,9202986,www.zhihu.com/roundtable/youth
é»„é‡‘çŸ¿å·¥,11468982,www.zhihu.com/roundtable/btc
è‹¹æœæ–°å“å‘å¸ƒä¼š,998276,www.zhihu.com/roundtable/apple1310
å°ç™½ç†è´¢,33349567,www.zhihu.com/roundtable/money
éŸ³ä¹èŠ‚çš„å°å‰å¹•å,2352718,www.zhihu.com/roundtable/musicfestival
ã€Œå­•ã€ç­¹å¸·å¹„,62788036,www.zhihu.com/roundtable/baby
ç”µå½±ä¸­çš„ã€Œå¤‡èƒå…ˆç”Ÿã€,15926486,www.zhihu.com/roundtable/mrsecond
åˆ›ä¸šè·¯ä¸ŠèŠç”¨æˆ·ä½“éªŒ,400040,www.zhihu.com/roundtable/nice2
è‹¹æœæ–°å“å‘å¸ƒä¼š (2013 å¹´ 9 æœˆ),3326381,www.zhihu.com/roundtable/apple910
äº’è”ç½‘é‡‘èé¢é¢è§‚,2996193,www.zhihu.com/roundtable/internetf
ç”µå½±äº§ä¸šçš„é’±ä¸ç½ª,1134430,www.zhihu.com/roundtable/film
ç½‘ç»œå®‰å…¨çš„èƒŒå,3659649,www.zhihu.com/roundtable/pwned
ã€Œç­é—¨å¼„æ–§ã€è°ˆå»ºç­‘,6065726,www.zhihu.com/roundtable/building
æ˜æ˜ç™½ç™½è°ˆå…¬ç›Š,1008972,www.zhihu.com/roundtable/gongyi
ChinaJoy Â· æ‰‹æ¸¸ç‹‚çƒ­ Party,987767,www.zhihu.com/roundtable/chinajoy-2013
é«˜é“æ—¶ä»£,2955721,www.zhihu.com/roundtable/high-speed-rail
è®¾è®¡çƒ­ç‚¹ä¸è¶‹åŠ¿,455123,www.zhihu.com/roundtable/design-trend
è®¾è®¡å°±æ˜¯ç”Ÿäº§åŠ›,892536,www.zhihu.com/roundtable/design
æ‹–å»¶ä¸æ˜¯ã€Œç—‡ã€,1978020,www.zhihu.com/roundtable/delay
åœ¨çº¿æ•™è‚²ï¼Œæœªæ¥è¿˜æœ‰å¤šè¿œï¼Ÿ,308731,www.zhihu.com/roundtable/online-education
æ•°æ®ä¸‹çš„ app è¿è¥,37261,www.zhihu.com/roundtable/app-operation
æ¡Œé¢å¼ºè€…å‘ç§»åŠ¨çš„å¤§è¿å¾™,120798,www.zhihu.com/roundtable/desktop-mobile
éç§»åŠ¨å¼€å‘è€…å‘ç§»åŠ¨è½¬å‹,244341,www.zhihu.com/roundtable/mobile-internet
